date,time,epoch,time_quality,boot_id,uptime_ms,severity,component,event,from_state,to_state,result,details
"2026-07-25","00:00:55",1784955655,"NTP",23,187200468,"INFO","SYSTEM","HEALTH_SNAPSHOT","","","OK","firmware=12.3-SYNC-RC1;heap=145880;sd_ok=1;sd_free=3996311537;wifi=0;rssi=0;state=OFFLINE;pending_sd=900;pending_ram=0;backfill_dropped=0;backfill_cause=WIFI_LINK_LOST;bulk_size=30;bulk_duration_ms=1153;wifi_losses=3;ts_failures=13;log_buffer=0;log_dropped=0"
"2026-07-25","01:00:55",1784959255,"NTP",23,190800483,"INFO","SYSTEM","HEALTH_SNAPSHOT","","","OK","firmware=12.3-SYNC-RC1;heap=145872;sd_ok=1;sd_free=3996300039;wifi=0;rssi=0;state=OFFLINE;pending_sd=960;pending_ram=0;backfill_dropped=0;backfill_cause=WIFI_LINK_LOST;bulk_size=30;bulk_duration_ms=1153;wifi_losses=3;ts_failures=13;log_buffer=0;log_dropped=0"
"2026-07-25","02:00:55",1784962855,"NTP",23,194400483,"INFO","SYSTEM","HEALTH_SNAPSHOT","","","OK","firmware=12.3-SYNC-RC1;heap=145872;sd_ok=1;sd_free=3996288763;wifi=0;rssi=0;state=OFFLINE;pending_sd=1020;pending_ram=0;backfill_dropped=0;backfill_cause=WIFI_LINK_LOST;bulk_size=30;bulk_duration_ms=1153;wifi_losses=3;ts_failures=13;log_buffer=0;log_dropped=0"
"2026-07-25","03:00:55",1784966455,"NTP",23,198000484,"INFO","SYSTEM","HEALTH_SNAPSHOT","","","OK","firmware=12.3-SYNC-RC1;heap=145872;sd_ok=1;sd_free=3996277503;wifi=0;rssi=0;state=OFFLINE;pending_sd=1080;pending_ram=0;backfill_dropped=0;backfill_cause=WIFI_LINK_LOST;bulk_size=30;bulk_duration_ms=1153;wifi_losses=3;ts_failures=13;log_buffer=0;log_dropped=0"
"2026-07-25","04:00:55",1784970055,"NTP",23,201600485,"INFO","SYSTEM","HEALTH_SNAPSHOT","","","OK","firmware=12.3-SYNC-RC1;heap=145872;sd_ok=1;sd_free=3996266245;wifi=0;rssi=0;state=OFFLINE;pending_sd=1140;pending_ram=0;backfill_dropped=0;backfill_cause=WIFI_LINK_LOST;bulk_size=30;bulk_duration_ms=1153;wifi_losses=3;ts_failures=13;log_buffer=0;log_dropped=0"
"2026-07-25","05:00:55",1784973655,"NTP",23,205200486,"INFO","SYSTEM","HEALTH_SNAPSHOT","","","OK","firmware=12.3-SYNC-RC1;heap=145872;sd_ok=1;sd_free=3996254965;wifi=0;rssi=0;state=OFFLINE;pending_sd=1200;pending_ram=0;backfill_dropped=0;backfill_cause=WIFI_LINK_LOST;bulk_size=30;bulk_duration_ms=1153;wifi_losses=3;ts_failures=13;log_buffer=0;log_dropped=0"
"2026-07-25","06:00:55",1784977255,"NTP",23,208800488,"INFO","SYSTEM","HEALTH_SNAPSHOT","","","OK","firmware=12.3-SYNC-RC1;heap=143412;sd_ok=1;sd_free=3996243693;wifi=0;rssi=0;state=OFFLINE;pending_sd=1260;pending_ram=0;backfill_dropped=0;backfill_cause=WIFI_LINK_LOST;bulk_size=30;bulk_duration_ms=1153;wifi_losses=3;ts_failures=13;log_buffer=0;log_dropped=0"
"2026-07-25","07:00:55",1784980855,"NTP",23,212400489,"INFO","SYSTEM","HEALTH_SNAPSHOT","","","OK","firmware=12.3-SYNC-RC1;heap=143412;sd_ok=1;sd_free=3996232413;wifi=0;rssi=0;state=OFFLINE;pending_sd=1320;pending_ram=0;backfill_dropped=0;backfill_cause=WIFI_LINK_LOST;bulk_size=30;bulk_duration_ms=1153;wifi_losses=3;ts_failures=13;log_buffer=0;log_dropped=0"
"2026-07-25","08:00:55",1784984455,"NTP",23,216000490,"INFO","SYSTEM","HEALTH_SNAPSHOT","","","OK","firmware=12.3-SYNC-RC1;heap=143412;sd_ok=1;sd_free=3996221133;wifi=0;rssi=0;state=OFFLINE;pending_sd=1380;pending_ram=0;backfill_dropped=0;backfill_cause=WIFI_LINK_LOST;bulk_size=30;bulk_duration_ms=1153;wifi_losses=3;ts_failures=13;log_buffer=0;log_dropped=0"
"2026-07-25","09:00:55",1784988055,"NTP",23,219600490,"INFO","SYSTEM","HEALTH_SNAPSHOT","","","OK","firmware=12.3-SYNC-RC1;heap=143412;sd_ok=1;sd_free=3996209855;wifi=0;rssi=0;state=OFFLINE;pending_sd=1440;pending_ram=0;backfill_dropped=0;backfill_cause=WIFI_LINK_LOST;bulk_size=30;bulk_duration_ms=1153;wifi_losses=3;ts_failures=13;log_buffer=0;log_dropped=0"
"2026-07-25","09:38:27",1784990307,"NTP",23,221852151,"INFO","NETWORK","WIFI_CONNECTED","","","OK","ssid=lab_sat;ip=192.168.20.7;rssi=-62"
"2026-07-25","09:39:19",1784990359,"NTP",23,221901664,"INFO","SYNC","BACKFILL_TRIGGER","OFFLINE","BACKFILL","OK","cause=WIFI_RECOVERED_WITH_PENDING;pending=1479;rssi=-75"
"2026-07-25","09:39:19",1784990359,"NTP",23,221901705,"INFO","SYSTEM","STATE_CHANGE","OFFLINE","BACKFILL","OK","pending_sd=1479;pending_ram=0;wifi=connected;ts_code=200;cause=WIFI_RECOVERED_WITH_PENDING"
"2026-07-25","09:39:19",1784990359,"NTP",23,221901759,"INFO","SYNC","BACKFILL_STARTED","OFFLINE","BACKFILL","OK","pending_sd=1479;pending_ram=0;wifi=connected;ts_code=200;cause=WIFI_RECOVERED_WITH_PENDING"
"2026-07-25","09:39:20",1784990360,"NTP",23,221903582,"INFO","SYNC","BACKFILL_BATCH_SENT","","","OK","count=30;bytes=4996;duration_ms=1624;heap_before=128804;heap_after=127908;remaining=1449;offset=2728"
"2026-07-25","09:40:22",1784990422,"NTP",23,221964982,"INFO","SYNC","BACKFILL_BATCH_SENT","","","OK","count=30;bytes=4994;duration_ms=1210;heap_before=129836;heap_after=129252;remaining=1420;offset=5454"
"2026-07-25","09:41:23",1784990483,"NTP",23,222026216,"INFO","SYNC","BACKFILL_BATCH_SENT","","","OK","count=30;bytes=4993;duration_ms=1044;heap_before=132840;heap_after=131908;remaining=1391;offset=8179"
"2026-07-25","09:42:25",1784990545,"NTP",23,222087654,"INFO","SYNC","BACKFILL_BATCH_SENT","","","OK","count=30;bytes=4993;duration_ms=1250;heap_before=132840;heap_after=131916;remaining=1362;offset=10904"
"2026-07-25","09:43:26",1784990606,"NTP",23,222148853,"INFO","SYNC","BACKFILL_BATCH_SENT","","","OK","count=30;bytes=4993;duration_ms=945;heap_before=132840;heap_after=131920;remaining=1333;offset=13629"
"2026-07-25","09:44:27",1784990667,"NTP",23,222210227,"INFO","SYNC","BACKFILL_BATCH_SENT","","","OK","count=30;bytes=4995;duration_ms=1185;heap_before=132840;heap_after=131820;remaining=1304;offset=16356"
"2026-07-25","09:45:29",1784990729,"NTP",23,222271665,"INFO","SYNC","BACKFILL_BATCH_SENT","","","OK","count=30;bytes=4996;duration_ms=1248;heap_before=132744;heap_after=131812;remaining=1275;offset=19084"
"2026-07-25","09:46:30",1784990790,"NTP",23,222332901,"INFO","SYNC","BACKFILL_BATCH_SENT","","","OK","count=30;bytes=4990;duration_ms=1047;heap_before=132744;heap_after=131808;remaining=1246;offset=21806"
"2026-07-25","09:47:01",1784990821,"NTP",23,222364133,"INFO","SYNC","BACKFILL_BATCH_SENT","","","OK","count=30;bytes=4997;duration_ms=1043;heap_before=132744;heap_after=131812;remaining=1217;offset=24535"
"2026-07-25","09:47:32",1784990852,"NTP",23,222395261,"INFO","SYNC","BACKFILL_BATCH_SENT","","","OK","count=30;bytes=4992;duration_ms=938;heap_before=132700;heap_after=131812;remaining=1187;offset=27259"
"2026-07-25","09:48:04",1784990884,"NTP",23,222426596,"INFO","SYNC","BACKFILL_BATCH_SENT","","","OK","count=30;bytes=4994;duration_ms=1147;heap_before=132744;heap_after=131824;remaining=1158;offset=29985"
"2026-07-25","09:49:05",1784990945,"NTP",23,222488248,"INFO","SYNC","BACKFILL_BATCH_SENT","","","OK","count=30;bytes=4995;duration_ms=1461;heap_before=132744;heap_after=131812;remaining=1129;offset=32712"
"2026-07-25","09:50:07",1784991007,"NTP",23,222549679,"INFO","SYNC","BACKFILL_BATCH_SENT","","","OK","count=30;bytes=4991;duration_ms=1243;heap_before=132744;heap_after=131812;remaining=1100;offset=35435"
"2026-07-25","09:51:08",1784991068,"NTP",23,222611019,"INFO","SYNC","BACKFILL_BATCH_SENT","","","OK","count=30;bytes=4971;duration_ms=1151;heap_before=132744;heap_after=131820;remaining=1071;offset=38138"
"2026-07-25","09:52:09",1784991129,"NTP",23,222672250,"INFO","SYNC","BACKFILL_BATCH_SENT","","","OK","count=30;bytes=4938;duration_ms=1042;heap_before=132744;heap_after=131812;remaining=1042;offset=40808"
"2026-07-25","09:53:10",1784991190,"NTP",23,222733486,"INFO","SYNC","BACKFILL_BATCH_SENT","","","OK","count=30;bytes=4937;duration_ms=1047;heap_before=132744;heap_after=131812;remaining=1013;offset=43477"
"2026-07-25","09:54:12",1784991252,"NTP",23,222794719,"INFO","SYNC","BACKFILL_BATCH_SENT","","","OK","count=30;bytes=4938;duration_ms=1042;heap_before=132744;heap_after=131812;remaining=984;offset=46147"
"2026-07-25","09:55:13",1784991313,"NTP",23,222855955,"INFO","SYNC","BACKFILL_BATCH_SENT","","","OK","count=30;bytes=4991;duration_ms=1046;heap_before=132744;heap_after=132016;remaining=955;offset=48870"
"2026-07-25","09:56:14",1784991374,"NTP",23,222917294,"INFO","SYNC","BACKFILL_BATCH_SENT","","","OK","count=30;bytes=4995;duration_ms=1150;heap_before=132744;heap_after=131824;remaining=926;offset=51597"
"2026-07-25","09:57:15",1784991435,"NTP",23,222978432,"INFO","SYNC","BACKFILL_BATCH_SENT","","","OK","count=30;bytes=4991;duration_ms=948;heap_before=132744;heap_after=131820;remaining=897;offset=54320"
"2026-07-25","09:58:16",1784991496,"NTP",23,223039555,"INFO","SYNC","BACKFILL_BATCH_SENT","","","OK","count=30;bytes=4998;duration_ms=933;heap_before=132744;heap_after=131812;remaining=868;offset=57050"
"2026-07-25","09:59:18",1784991558,"NTP",23,223100690,"INFO","SYNC","BACKFILL_BATCH_SENT","","","OK","count=30;bytes=4997;duration_ms=944;heap_before=132744;heap_after=132016;remaining=839;offset=59779"
"2026-07-25","10:00:19",1784991619,"NTP",23,223161922,"INFO","SYNC","BACKFILL_BATCH_SENT","","","OK","count=30;bytes=4998;duration_ms=1043;heap_before=132744;heap_after=131268;remaining=810;offset=62509"
"2026-07-25","10:00:57",1784991657,"NTP",23,223200489,"INFO","SYSTEM","HEALTH_SNAPSHOT","","","OK","firmware=12.3-SYNC-RC1;heap=142512;sd_ok=1;sd_free=3996193111;wifi=1;rssi=-64;state=BACKFILL;pending_sd=810;pending_ram=0;backfill_dropped=0;backfill_cause=WIFI_RECOVERED_WITH_PENDING;bulk_size=30;bulk_duration_ms=1043;wifi_losses=3;ts_failures=13;log_buffer=0;log_dropped=0"
"2026-07-25","10:01:20",1784991680,"NTP",23,223223462,"INFO","SYNC","BACKFILL_BATCH_SENT","","","OK","count=30;bytes=4997;duration_ms=1349;heap_before=132744;heap_after=131808;remaining=781;offset=65238"
"2026-07-25","10:02:22",1784991742,"NTP",23,223285003,"INFO","SYNC","BACKFILL_BATCH_SENT","","","OK","count=30;bytes=4997;duration_ms=1350;heap_before=132744;heap_after=131816;remaining=752;offset=67967"
"2026-07-25","10:03:24",1784991804,"NTP",23,223346647,"INFO","SYNC","BACKFILL_BATCH_SENT","","","OK","count=30;bytes=4997;duration_ms=1453;heap_before=132744;heap_after=132028;remaining=723;offset=70696"
"2026-07-25","10:04:25",1784991865,"NTP",23,223407783,"INFO","SYNC","BACKFILL_BATCH_SENT","","","OK","count=30;bytes=4994;duration_ms=946;heap_before=132744;heap_after=132012;remaining=694;offset=73422"
"2026-07-25","10:05:26",1784991926,"NTP",23,223469024,"INFO","SYNC","BACKFILL_BATCH_SENT","","","OK","count=30;bytes=4997;duration_ms=1050;heap_before=132744;heap_after=131824;remaining=665;offset=76151"
"2026-07-25","10:06:27",1784991987,"NTP",23,223530351,"INFO","SYNC","BACKFILL_BATCH_SENT","","","OK","count=30;bytes=4995;duration_ms=1138;heap_before=132744;heap_after=131812;remaining=636;offset=78878"
"2026-07-25","10:07:28",1784992048,"NTP",23,223591586,"INFO","SYNC","BACKFILL_BATCH_SENT","","","OK","count=30;bytes=4997;duration_ms=1044;heap_before=132744;heap_after=131800;remaining=607;offset=81607"
"2026-07-25","10:08:30",1784992110,"NTP",23,223652924,"INFO","SYNC","BACKFILL_BATCH_SENT","","","OK","count=30;bytes=4998;duration_ms=1148;heap_before=132744;heap_after=131792;remaining=578;offset=84337"
"2026-07-25","10:09:01",1784992141,"NTP",23,223683951,"INFO","SYNC","BACKFILL_BATCH_SENT","","","OK","count=30;bytes=4997;duration_ms=836;heap_before=132700;heap_after=131812;remaining=549;offset=87066"
"2026-07-25","10:09:32",1784992172,"NTP",23,223715182,"INFO","SYNC","BACKFILL_BATCH_SENT","","","OK","count=30;bytes=4997;duration_ms=1041;heap_before=132744;heap_after=131812;remaining=519;offset=89795"
"2026-07-25","10:10:03",1784992203,"NTP",23,223746415,"INFO","SYNC","BACKFILL_BATCH_SENT","","","OK","count=30;bytes=4996;duration_ms=1042;heap_before=132744;heap_after=131820;remaining=490;offset=92523"
"2026-07-25","10:11:05",1784992265,"NTP",23,223807649,"INFO","SYNC","BACKFILL_BATCH_SENT","","","OK","count=30;bytes=4993;duration_ms=1040;heap_before=132744;heap_after=131812;remaining=461;offset=95248"
"2026-07-25","10:12:06",1784992326,"NTP",23,223868993,"INFO","SYNC","BACKFILL_BATCH_SENT","","","OK","count=30;bytes=4992;duration_ms=1154;heap_before=132744;heap_after=131820;remaining=432;offset=97972"
"2026-07-25","10:13:07",1784992387,"NTP",23,223930222,"INFO","SYNC","BACKFILL_BATCH_SENT","","","OK","count=30;bytes=4988;duration_ms=1039;heap_before=132744;heap_after=132016;remaining=403;offset=100692"
"2026-07-25","10:14:08",1784992448,"NTP",23,223991455,"INFO","SYNC","BACKFILL_BATCH_SENT","","","OK","count=30;bytes=4996;duration_ms=1043;heap_before=132720;heap_after=131816;remaining=374;offset=103420"
"2026-07-25","10:15:10",1784992510,"NTP",23,224053005,"INFO","SYNC","BACKFILL_BATCH_SENT","","","OK","count=30;bytes=4997;duration_ms=1360;heap_before=132744;heap_after=131812;remaining=345;offset=106149"
"2026-07-25","10:16:11",1784992571,"NTP",23,224114333,"INFO","SYNC","BACKFILL_BATCH_SENT","","","OK","count=30;bytes=4998;duration_ms=1137;heap_before=132744;heap_after=131616;remaining=316;offset=108879"
"2026-07-25","10:17:12",1784992632,"NTP",23,224175568,"INFO","SYNC","BACKFILL_BATCH_SENT","","","OK","count=30;bytes=4997;duration_ms=1046;heap_before=132744;heap_after=131816;remaining=287;offset=111608"
"2026-07-25","10:18:14",1784992694,"NTP",23,224236912,"INFO","SYNC","BACKFILL_BATCH_SENT","","","OK","count=30;bytes=4994;duration_ms=1154;heap_before=132744;heap_after=131812;remaining=258;offset=114334"
"2026-07-25","10:19:15",1784992755,"NTP",23,224298240,"INFO","SYNC","BACKFILL_BATCH_SENT","","","OK","count=30;bytes=4998;duration_ms=1138;heap_before=132744;heap_after=131816;remaining=229;offset=117064"
"2026-07-25","10:20:16",1784992816,"NTP",23,224359578,"INFO","SYNC","BACKFILL_BATCH_SENT","","","OK","count=30;bytes=4997;duration_ms=1148;heap_before=132744;heap_after=131812;remaining=200;offset=119793"
"2026-07-25","10:21:18",1784992878,"NTP",23,224420914,"INFO","SYNC","BACKFILL_BATCH_SENT","","","OK","count=30;bytes=4997;duration_ms=1146;heap_before=132744;heap_after=131812;remaining=171;offset=122522"
"2026-07-25","10:22:19",1784992939,"NTP",23,224482251,"INFO","SYNC","BACKFILL_BATCH_SENT","","","OK","count=30;bytes=4998;duration_ms=1147;heap_before=132744;heap_after=131824;remaining=142;offset=125252"
"2026-07-25","10:23:20",1784993000,"NTP",23,224543486,"INFO","SYNC","BACKFILL_BATCH_SENT","","","OK","count=30;bytes=4996;duration_ms=1045;heap_before=132744;heap_after=131812;remaining=113;offset=127980"
"2026-07-25","10:24:22",1784993062,"NTP",23,224604787,"INFO","SYNC","BACKFILL_BATCH_SENT","","","OK","count=30;bytes=4998;duration_ms=1046;heap_before=132744;heap_after=131820;remaining=84;offset=130710"
"2026-07-25","10:25:23",1784993123,"NTP",23,224665854,"INFO","SYNC","BACKFILL_BATCH_SENT","","","OK","count=30;bytes=4998;duration_ms=877;heap_before=132744;heap_after=131820;remaining=55;offset=133440"
"2026-07-25","10:26:24",1784993184,"NTP",23,224727087,"INFO","SYNC","BACKFILL_BATCH_SENT","","","OK","count=30;bytes=4990;duration_ms=1041;heap_before=132744;heap_after=131824;remaining=26;offset=136162"
"2026-07-25","10:27:25",1784993245,"NTP",23,224788188,"INFO","SYNC","BACKFILL_BATCH_SENT","","","OK","count=27;bytes=4492;duration_ms=947;heap_before=133512;heap_after=132784;remaining=0;offset=0"
"2026-07-25","10:27:25",1784993245,"NTP",23,224788269,"INFO","SYSTEM","STATE_CHANGE","BACKFILL","ONLINE","OK","pending_sd=0;pending_ram=0;wifi=connected;ts_code=200;cause=WIFI_RECOVERED_WITH_PENDING"
"2026-07-25","10:27:25",1784993245,"NTP",23,224788322,"INFO","SYNC","BACKFILL_COMPLETED","BACKFILL","ONLINE","OK","pending_sd=0;pending_ram=0;wifi=connected;ts_code=200;cause=WIFI_RECOVERED_WITH_PENDING"
"2026-07-25","11:00:57",1784995257,"NTP",23,226800482,"INFO","SYSTEM","HEALTH_SNAPSHOT","","","OK","firmware=12.3-SYNC-RC1;heap=141916;sd_ok=1;sd_free=3996317363;wifi=1;rssi=-62;state=ONLINE;pending_sd=0;pending_ram=0;backfill_dropped=0;backfill_cause=WIFI_RECOVERED_WITH_PENDING;bulk_size=30;bulk_duration_ms=947;wifi_losses=3;ts_failures=13;log_buffer=0;log_dropped=0"
"2026-07-25","12:00:57",1784998857,"NTP",23,230400487,"INFO","SYSTEM","HEALTH_SNAPSHOT","","","OK","firmware=12.3-SYNC-RC1;heap=141916;sd_ok=1;sd_free=3996311556;wifi=1;rssi=-68;state=ONLINE;pending_sd=0;pending_ram=0;backfill_dropped=0;backfill_cause=WIFI_RECOVERED_WITH_PENDING;bulk_size=30;bulk_duration_ms=947;wifi_losses=3;ts_failures=13;log_buffer=0;log_dropped=0"
"2026-07-25","12:43:32",1785001412,"NTP",23,232954754,"WARNING","SYNC","THINGSPEAK_UNAVAILABLE","","","FAIL","mode=ONLINE;code=-304"
"2026-07-25","12:43:32",1785001412,"NTP",23,232954901,"WARNING","SYNC","BACKFILL_TRIGGER","ONLINE","BACKFILL","DEGRADED","cause=THINGSPEAK_FAILURE;code=-304;wifi_status=CONNECTED;wifi_code=3;rssi=-63;pending=1"
"2026-07-25","12:43:32",1785001412,"NTP",23,232954954,"INFO","SYSTEM","STATE_CHANGE","ONLINE","BACKFILL","OK","pending_sd=1;pending_ram=0;wifi=connected;ts_code=-304;cause=THINGSPEAK_ONLINE_CODE_-304"
"2026-07-25","12:43:32",1785001412,"NTP",23,232955008,"INFO","SYNC","BACKFILL_STARTED","ONLINE","BACKFILL","OK","pending_sd=1;pending_ram=0;wifi=connected;ts_code=-304;cause=THINGSPEAK_ONLINE_CODE_-304"
"2026-07-25","12:46:28",1785001588,"NTP",23,233131114,"WARNING","SYNC","BACKFILL_BATCH_FAILED","","","FAIL","code=-1;count=2;bytes=377;duration_ms=122799;heap_before=138856;heap_after=138580;pending=2;wifi_status=CONNECTED;wifi_code=3;rssi=-62"
"2026-07-25","12:47:06",1785001626,"NTP",23,233168736,"INFO","SYNC","THINGSPEAK_RECOVERED","","","OK","mode=BACKFILL_BULK;code=200"
"2026-07-25","12:47:06",1785001626,"NTP",23,233168901,"INFO","SYNC","BACKFILL_BATCH_SENT","","","OK","count=3;bytes=542;duration_ms=7552;heap_before=138712;heap_after=137824;remaining=0;offset=0"
"2026-07-25","12:47:06",1785001626,"NTP",23,233168982,"INFO","SYSTEM","STATE_CHANGE","BACKFILL","ONLINE","OK","pending_sd=0;pending_ram=0;wifi=connected;ts_code=200;cause=THINGSPEAK_BULK_CODE_-1"
"2026-07-25","12:47:06",1785001626,"NTP",23,233169036,"INFO","SYNC","BACKFILL_COMPLETED","BACKFILL","ONLINE","OK","pending_sd=0;pending_ram=0;wifi=connected;ts_code=200;cause=THINGSPEAK_BULK_CODE_-1"
"2026-07-25","12:48:09",1785001689,"NTP",23,233231985,"WARNING","SYNC","THINGSPEAK_UNAVAILABLE","","","FAIL","mode=ONLINE;code=-301"
"2026-07-25","12:48:09",1785001689,"NTP",23,233232132,"WARNING","SYNC","BACKFILL_TRIGGER","ONLINE","BACKFILL","DEGRADED","cause=THINGSPEAK_FAILURE;code=-301;wifi_status=CONNECTED;wifi_code=3;rssi=-72;pending=1"
"2026-07-25","12:48:09",1785001689,"NTP",23,233232186,"INFO","SYSTEM","STATE_CHANGE","ONLINE","BACKFILL","OK","pending_sd=1;pending_ram=0;wifi=connected;ts_code=-301;cause=THINGSPEAK_ONLINE_CODE_-301"
"2026-07-25","12:48:09",1785001689,"NTP",23,233232238,"INFO","SYNC","BACKFILL_STARTED","ONLINE","BACKFILL","OK","pending_sd=1;pending_ram=0;wifi=connected;ts_code=-301;cause=THINGSPEAK_ONLINE_CODE_-301"
"2026-07-25","12:48:46",1785001726,"NTP",23,233268999,"WARNING","SYNC","BACKFILL_BATCH_FAILED","","","FAIL","code=-1;count=2;bytes=377;duration_ms=10031;heap_before=138968;heap_after=138760;pending=2;wifi_status=CONNECTED;wifi_code=3;rssi=-72"
"2026-07-25","12:50:00",1785001800,"NTP",23,233343313,"INFO","SYNC","THINGSPEAK_RECOVERED","","","OK","mode=BACKFILL_BULK;code=200"
"2026-07-25","12:50:00",1785001800,"NTP",23,233343404,"INFO","SYNC","BACKFILL_BATCH_SENT","","","OK","count=3;bytes=542;duration_ms=14243;heap_before=138712;heap_after=137868;remaining=0;offset=0"
"2026-07-25","12:50:01",1785001801,"NTP",23,233343486,"INFO","SYSTEM","STATE_CHANGE","BACKFILL","ONLINE","OK","pending_sd=0;pending_ram=0;wifi=connected;ts_code=200;cause=THINGSPEAK_BULK_CODE_-1"
"2026-07-25","12:50:01",1785001801,"NTP",23,233343537,"INFO","SYNC","BACKFILL_COMPLETED","BACKFILL","ONLINE","OK","pending_sd=0;pending_ram=0;wifi=connected;ts_code=200;cause=THINGSPEAK_BULK_CODE_-1"
"2026-07-25","12:51:08",1785001868,"NTP",23,233411141,"WARNING","SYNC","THINGSPEAK_UNAVAILABLE","","","FAIL","mode=ONLINE;code=-304"
"2026-07-25","12:51:08",1785001868,"NTP",23,233411289,"WARNING","SYNC","BACKFILL_TRIGGER","ONLINE","BACKFILL","DEGRADED","cause=THINGSPEAK_FAILURE;code=-304;wifi_status=CONNECTED;wifi_code=3;rssi=-63;pending=1"
"2026-07-25","12:51:08",1785001868,"NTP",23,233411341,"INFO","SYSTEM","STATE_CHANGE","ONLINE","BACKFILL","OK","pending_sd=1;pending_ram=0;wifi=connected;ts_code=-304;cause=THINGSPEAK_ONLINE_CODE_-304"
"2026-07-25","12:51:08",1785001868,"NTP",23,233411393,"INFO","SYNC","BACKFILL_STARTED","ONLINE","BACKFILL","OK","pending_sd=1;pending_ram=0;wifi=connected;ts_code=-304;cause=THINGSPEAK_ONLINE_CODE_-304"
"2026-07-25","12:51:53",1785001913,"NTP",23,233455784,"INFO","SYNC","THINGSPEAK_RECOVERED","","","OK","mode=BACKFILL_BULK;code=200"
"2026-07-25","12:51:53",1785001913,"NTP",23,233455875,"INFO","SYNC","BACKFILL_BATCH_SENT","","","OK","count=2;bytes=376;duration_ms=22312;heap_before=138704;heap_after=137812;remaining=0;offset=0"
"2026-07-25","12:51:53",1785001913,"NTP",23,233455955,"INFO","SYSTEM","STATE_CHANGE","BACKFILL","ONLINE","OK","pending_sd=0;pending_ram=0;wifi=connected;ts_code=200;cause=THINGSPEAK_ONLINE_CODE_-304"
"2026-07-25","12:51:53",1785001913,"NTP",23,233456009,"INFO","SYNC","BACKFILL_COMPLETED","BACKFILL","ONLINE","OK","pending_sd=0;pending_ram=0;wifi=connected;ts_code=200;cause=THINGSPEAK_ONLINE_CODE_-304"
"2026-07-25","12:52:56",1785001976,"NTP",23,233518952,"WARNING","SYNC","THINGSPEAK_UNAVAILABLE","","","FAIL","mode=ONLINE;code=-301"
"2026-07-25","12:52:56",1785001976,"NTP",23,233519100,"WARNING","SYNC","BACKFILL_TRIGGER","ONLINE","BACKFILL","DEGRADED","cause=THINGSPEAK_FAILURE;code=-301;wifi_status=CONNECTED;wifi_code=3;rssi=-64;pending=1"
"2026-07-25","12:52:56",1785001976,"NTP",23,233519153,"INFO","SYSTEM","STATE_CHANGE","ONLINE","BACKFILL","OK","pending_sd=1;pending_ram=0;wifi=connected;ts_code=-301;cause=THINGSPEAK_ONLINE_CODE_-301"
"2026-07-25","12:52:56",1785001976,"NTP",23,233519205,"INFO","SYNC","BACKFILL_STARTED","ONLINE","BACKFILL","OK","pending_sd=1;pending_ram=0;wifi=connected;ts_code=-301;cause=THINGSPEAK_ONLINE_CODE_-301"
"2026-07-25","12:54:08",1785002048,"NTP",23,233590627,"INFO","SYNC","THINGSPEAK_RECOVERED","","","OK","mode=BACKFILL_BULK;code=200"
"2026-07-25","12:54:08",1785002048,"NTP",23,233590718,"INFO","SYNC","BACKFILL_BATCH_SENT","","","OK","count=2;bytes=377;duration_ms=14685;heap_before=138556;heap_after=137668;remaining=0;offset=0"
"2026-07-25","12:54:08",1785002048,"NTP",23,233590799,"INFO","SYSTEM","STATE_CHANGE","BACKFILL","ONLINE","OK","pending_sd=0;pending_ram=0;wifi=connected;ts_code=200;cause=THINGSPEAK_ONLINE_CODE_-301"
"2026-07-25","12:54:08",1785002048,"NTP",23,233590852,"INFO","SYNC","BACKFILL_COMPLETED","BACKFILL","ONLINE","OK","pending_sd=0;pending_ram=0;wifi=connected;ts_code=200;cause=THINGSPEAK_ONLINE_CODE_-301"
"2026-07-25","12:55:11",1785002111,"NTP",23,233653804,"WARNING","SYNC","THINGSPEAK_UNAVAILABLE","","","FAIL","mode=ONLINE;code=-301"
"2026-07-25","12:55:11",1785002111,"NTP",23,233653951,"WARNING","SYNC","BACKFILL_TRIGGER","ONLINE","BACKFILL","DEGRADED","cause=THINGSPEAK_FAILURE;code=-301;wifi_status=CONNECTED;wifi_code=3;rssi=-65;pending=1"
"2026-07-25","12:55:11",1785002111,"NTP",23,233654005,"INFO","SYSTEM","STATE_CHANGE","ONLINE","BACKFILL","OK","pending_sd=1;pending_ram=0;wifi=connected;ts_code=-301;cause=THINGSPEAK_ONLINE_CODE_-301"
"2026-07-25","12:55:11",1785002111,"NTP",23,233654057,"INFO","SYNC","BACKFILL_STARTED","ONLINE","BACKFILL","OK","pending_sd=1;pending_ram=0;wifi=connected;ts_code=-301;cause=THINGSPEAK_ONLINE_CODE_-301"
"2026-07-25","12:55:49",1785002149,"NTP",23,233691796,"WARNING","SYNC","BACKFILL_BATCH_FAILED","","","FAIL","code=-1;count=2;bytes=377;duration_ms=11010;heap_before=138552;heap_after=138336;pending=2;wifi_status=CONNECTED;wifi_code=3;rssi=-61"
"2026-07-25","12:56:59",1785002219,"NTP",23,233761892,"WARNING","SYNC","BACKFILL_BATCH_FAILED","","","FAIL","code=-1;count=3;bytes=542;duration_ms=10027;heap_before=138300;heap_after=138124;pending=3;wifi_status=CONNECTED;wifi_code=3;rssi=-65"
"2026-07-25","12:59:32",1785002372,"NTP",23,233915031,"WARNING","SYNC","BACKFILL_BATCH_FAILED","","","FAIL","code=-1;count=4;bytes=707;duration_ms=123066;heap_before=138076;heap_after=137296;pending=4;wifi_status=CONNECTED;wifi_code=3;rssi=-63"
"2026-07-25","13:00:06",1785002406,"NTP",23,233949049,"INFO","SYNC","THINGSPEAK_RECOVERED","","","OK","mode=BACKFILL_BULK;code=200"
"2026-07-25","13:00:06",1785002406,"NTP",23,233949140,"INFO","SYNC","BACKFILL_BATCH_SENT","","","OK","count=5;bytes=872;duration_ms=3947;heap_before=137416;heap_after=136744;remaining=0;offset=0"
"2026-07-25","13:00:06",1785002406,"NTP",23,233949222,"INFO","SYSTEM","STATE_CHANGE","BACKFILL","ONLINE","OK","pending_sd=0;pending_ram=0;wifi=connected;ts_code=200;cause=THINGSPEAK_BULK_CODE_-1"
"2026-07-25","13:00:06",1785002406,"NTP",23,233949274,"INFO","SYNC","BACKFILL_COMPLETED","BACKFILL","ONLINE","OK","pending_sd=0;pending_ram=0;wifi=connected;ts_code=200;cause=THINGSPEAK_BULK_CODE_-1"
"2026-07-25","13:00:58",1785002458,"NTP",23,234000483,"INFO","SYSTEM","HEALTH_SNAPSHOT","","","OK","firmware=12.3-SYNC-RC1;heap=141232;sd_ok=1;sd_free=3996297062;wifi=1;rssi=-65;state=ONLINE;pending_sd=0;pending_ram=0;backfill_dropped=0;backfill_cause=THINGSPEAK_BULK_CODE_-1;bulk_size=30;bulk_duration_ms=3947;wifi_losses=3;ts_failures=23;log_buffer=0;log_dropped=0"
"2026-07-25","13:01:14",1785002474,"NTP",23,234017146,"WARNING","SYNC","THINGSPEAK_UNAVAILABLE","","","FAIL","mode=ONLINE;code=-304"
"2026-07-25","13:01:14",1785002474,"NTP",23,234017292,"WARNING","SYNC","BACKFILL_TRIGGER","ONLINE","BACKFILL","DEGRADED","cause=THINGSPEAK_FAILURE;code=-304;wifi_status=CONNECTED;wifi_code=3;rssi=-64;pending=1"
"2026-07-25","13:01:14",1785002474,"NTP",23,234017346,"INFO","SYSTEM","STATE_CHANGE","ONLINE","BACKFILL","OK","pending_sd=1;pending_ram=0;wifi=connected;ts_code=-304;cause=THINGSPEAK_ONLINE_CODE_-304"
"2026-07-25","13:01:14",1785002474,"NTP",23,234017398,"INFO","SYNC","BACKFILL_STARTED","ONLINE","BACKFILL","OK","pending_sd=1;pending_ram=0;wifi=connected;ts_code=-304;cause=THINGSPEAK_ONLINE_CODE_-304"
"2026-07-25","13:01:42",1785002502,"NTP",23,234044757,"INFO","SYNC","THINGSPEAK_RECOVERED","","","OK","mode=BACKFILL_BULK;code=200"
"2026-07-25","13:01:42",1785002502,"NTP",23,234044848,"INFO","SYNC","BACKFILL_BATCH_SENT","","","OK","count=2;bytes=377;duration_ms=5550;heap_before=137860;heap_after=137000;remaining=0;offset=0"
"2026-07-25","13:01:42",1785002502,"NTP",23,234044928,"INFO","SYSTEM","STATE_CHANGE","BACKFILL","ONLINE","OK","pending_sd=0;pending_ram=0;wifi=connected;ts_code=200;cause=THINGSPEAK_ONLINE_CODE_-304"
"2026-07-25","13:01:42",1785002502,"NTP",23,234044982,"INFO","SYNC","BACKFILL_COMPLETED","BACKFILL","ONLINE","OK","pending_sd=0;pending_ram=0;wifi=connected;ts_code=200;cause=THINGSPEAK_ONLINE_CODE_-304"
"2026-07-25","13:02:50",1785002570,"NTP",23,234112777,"WARNING","SYNC","THINGSPEAK_UNAVAILABLE","","","FAIL","mode=ONLINE;code=-304"
"2026-07-25","13:02:50",1785002570,"NTP",23,234112923,"WARNING","SYNC","BACKFILL_TRIGGER","ONLINE","BACKFILL","DEGRADED","cause=THINGSPEAK_FAILURE;code=-304;wifi_status=CONNECTED;wifi_code=3;rssi=-64;pending=1"
"2026-07-25","13:02:50",1785002570,"NTP",23,234112977,"INFO","SYSTEM","STATE_CHANGE","ONLINE","BACKFILL","OK","pending_sd=1;pending_ram=0;wifi=connected;ts_code=-304;cause=THINGSPEAK_ONLINE_CODE_-304"
"2026-07-25","13:02:50",1785002570,"NTP",23,234113029,"INFO","SYNC","BACKFILL_STARTED","ONLINE","BACKFILL","OK","pending_sd=1;pending_ram=0;wifi=connected;ts_code=-304;cause=THINGSPEAK_ONLINE_CODE_-304"
"2026-07-25","13:03:43",1785002623,"NTP",23,234165943,"INFO","SYNC","THINGSPEAK_RECOVERED","","","OK","mode=BACKFILL_BULK;code=200"
"2026-07-25","13:03:43",1785002623,"NTP",23,234166034,"INFO","SYNC","BACKFILL_BATCH_SENT","","","OK","count=2;bytes=378;duration_ms=1026;heap_before=137892;heap_after=137004;remaining=0;offset=0"
"2026-07-25","13:03:43",1785002623,"NTP",23,234166114,"INFO","SYSTEM","STATE_CHANGE","BACKFILL","ONLINE","OK","pending_sd=0;pending_ram=0;wifi=connected;ts_code=200;cause=THINGSPEAK_ONLINE_CODE_-304"
"2026-07-25","13:03:43",1785002623,"NTP",23,234166168,"INFO","SYNC","BACKFILL_COMPLETED","BACKFILL","ONLINE","OK","pending_sd=0;pending_ram=0;wifi=connected;ts_code=200;cause=THINGSPEAK_ONLINE_CODE_-304"
"2026-07-25","13:39:00",1785004740,"NTP",23,236283106,"WARNING","SYNC","THINGSPEAK_UNAVAILABLE","","","FAIL","mode=ONLINE;code=-301"
"2026-07-25","13:39:00",1785004740,"NTP",23,236283254,"WARNING","SYNC","BACKFILL_TRIGGER","ONLINE","BACKFILL","DEGRADED","cause=THINGSPEAK_FAILURE;code=-301;wifi_status=CONNECTED;wifi_code=3;rssi=-64;pending=1"
"2026-07-25","13:39:00",1785004740,"NTP",23,236283308,"INFO","SYSTEM","STATE_CHANGE","ONLINE","BACKFILL","OK","pending_sd=1;pending_ram=0;wifi=connected;ts_code=-301;cause=THINGSPEAK_ONLINE_CODE_-301"
"2026-07-25","13:39:00",1785004740,"NTP",23,236283360,"INFO","SYNC","BACKFILL_STARTED","ONLINE","BACKFILL","OK","pending_sd=1;pending_ram=0;wifi=connected;ts_code=-301;cause=THINGSPEAK_ONLINE_CODE_-301"
"2026-07-25","13:39:44",1785004784,"NTP",23,236327247,"INFO","SYNC","THINGSPEAK_RECOVERED","","","OK","mode=BACKFILL_BULK;code=200"
"2026-07-25","13:39:44",1785004784,"NTP",23,236327337,"INFO","SYNC","BACKFILL_BATCH_SENT","","","OK","count=2;bytes=377;duration_ms=1128;heap_before=138412;heap_after=137584;remaining=0;offset=0"
"2026-07-25","13:39:45",1785004785,"NTP",23,236327417,"INFO","SYSTEM","STATE_CHANGE","BACKFILL","ONLINE","OK","pending_sd=0;pending_ram=0;wifi=connected;ts_code=200;cause=THINGSPEAK_ONLINE_CODE_-301"
"2026-07-25","13:39:45",1785004785,"NTP",23,236327471,"INFO","SYNC","BACKFILL_COMPLETED","BACKFILL","ONLINE","OK","pending_sd=0;pending_ram=0;wifi=connected;ts_code=200;cause=THINGSPEAK_ONLINE_CODE_-301"
"2026-07-25","14:00:58",1785006058,"NTP",23,237600485,"INFO","SYSTEM","HEALTH_SNAPSHOT","","","OK","firmware=12.3-SYNC-RC1;heap=141516;sd_ok=1;sd_free=3996286644;wifi=1;rssi=-62;state=ONLINE;pending_sd=0;pending_ram=0;backfill_dropped=0;backfill_cause=THINGSPEAK_ONLINE_CODE_-301;bulk_size=30;bulk_duration_ms=1128;wifi_losses=3;ts_failures=26;log_buffer=0;log_dropped=0"
"2026-07-25","15:00:58",1785009658,"NTP",23,241200490,"INFO","SYSTEM","HEALTH_SNAPSHOT","","","OK","firmware=12.3-SYNC-RC1;heap=141516;sd_ok=1;sd_free=3996280831;wifi=1;rssi=-64;state=ONLINE;pending_sd=0;pending_ram=0;backfill_dropped=0;backfill_cause=THINGSPEAK_ONLINE_CODE_-301;bulk_size=30;bulk_duration_ms=1128;wifi_losses=3;ts_failures=26;log_buffer=0;log_dropped=0"
"2026-07-25","16:00:58",1785013258,"NTP",23,244800485,"INFO","SYSTEM","HEALTH_SNAPSHOT","","","OK","firmware=12.3-SYNC-RC1;heap=141516;sd_ok=1;sd_free=3996275021;wifi=1;rssi=-62;state=ONLINE;pending_sd=0;pending_ram=0;backfill_dropped=0;backfill_cause=THINGSPEAK_ONLINE_CODE_-301;bulk_size=30;bulk_duration_ms=1128;wifi_losses=3;ts_failures=26;log_buffer=0;log_dropped=0"
"2026-07-25","17:00:58",1785016858,"NTP",23,248400489,"INFO","SYSTEM","HEALTH_SNAPSHOT","","","OK","firmware=12.3-SYNC-RC1;heap=141516;sd_ok=1;sd_free=3996269205;wifi=1;rssi=-69;state=ONLINE;pending_sd=0;pending_ram=0;backfill_dropped=0;backfill_cause=THINGSPEAK_ONLINE_CODE_-301;bulk_size=30;bulk_duration_ms=1128;wifi_losses=3;ts_failures=26;log_buffer=0;log_dropped=0"
"2026-07-25","18:00:58",1785020458,"NTP",23,252000487,"INFO","SYSTEM","HEALTH_SNAPSHOT","","","OK","firmware=12.3-SYNC-RC1;heap=141516;sd_ok=1;sd_free=3996263386;wifi=1;rssi=-67;state=ONLINE;pending_sd=0;pending_ram=0;backfill_dropped=0;backfill_cause=THINGSPEAK_ONLINE_CODE_-301;bulk_size=30;bulk_duration_ms=1128;wifi_losses=3;ts_failures=26;log_buffer=0;log_dropped=0"
"2026-07-25","18:12:50",1785021170,"NTP",23,252712661,"WARNING","SYNC","THINGSPEAK_UNAVAILABLE","","","FAIL","mode=ONLINE;code=-304"
"2026-07-25","18:12:50",1785021170,"NTP",23,252712814,"WARNING","SYNC","BACKFILL_TRIGGER","ONLINE","BACKFILL","DEGRADED","cause=THINGSPEAK_FAILURE;code=-304;wifi_status=CONNECTED;wifi_code=3;rssi=-64;pending=1"
"2026-07-25","18:12:50",1785021170,"NTP",23,252712871,"INFO","SYSTEM","STATE_CHANGE","ONLINE","BACKFILL","OK","pending_sd=1;pending_ram=0;wifi=connected;ts_code=-304;cause=THINGSPEAK_ONLINE_CODE_-304"
"2026-07-25","18:12:50",1785021170,"NTP",23,252712929,"INFO","SYNC","BACKFILL_STARTED","ONLINE","BACKFILL","OK","pending_sd=1;pending_ram=0;wifi=connected;ts_code=-304;cause=THINGSPEAK_ONLINE_CODE_-304"
"2026-07-25","18:13:50",1785021230,"NTP",23,252772359,"INFO","SYNC","THINGSPEAK_RECOVERED","","","OK","mode=BACKFILL_BULK;code=200"
"2026-07-25","18:13:50",1785021230,"NTP",23,252772454,"INFO","SYNC","BACKFILL_BATCH_SENT","","","OK","count=2;bytes=378;duration_ms=4826;heap_before=138728;heap_after=138104;remaining=0;offset=0"
"2026-07-25","18:13:50",1785021230,"NTP",23,252772550,"INFO","SYSTEM","STATE_CHANGE","BACKFILL","ONLINE","OK","pending_sd=0;pending_ram=0;wifi=connected;ts_code=200;cause=THINGSPEAK_ONLINE_CODE_-304"
"2026-07-25","18:13:50",1785021230,"NTP",23,252772603,"INFO","SYNC","BACKFILL_COMPLETED","BACKFILL","ONLINE","OK","pending_sd=0;pending_ram=0;wifi=connected;ts_code=200;cause=THINGSPEAK_ONLINE_CODE_-304"
"2026-07-25","18:15:53",1785021353,"NTP",23,252895552,"WARNING","SYNC","THINGSPEAK_UNAVAILABLE","","","FAIL","mode=ONLINE;code=-301"
"2026-07-25","18:15:53",1785021353,"NTP",23,252895795,"WARNING","SYNC","BACKFILL_TRIGGER","ONLINE","BACKFILL","DEGRADED","cause=THINGSPEAK_FAILURE;code=-301;wifi_status=CONNECTED;wifi_code=3;rssi=-74;pending=1"
"2026-07-25","18:15:53",1785021353,"NTP",23,252895848,"INFO","SYSTEM","STATE_CHANGE","ONLINE","BACKFILL","OK","pending_sd=1;pending_ram=0;wifi=connected;ts_code=-301;cause=THINGSPEAK_ONLINE_CODE_-301"
"2026-07-25","18:15:53",1785021353,"NTP",23,252895902,"INFO","SYNC","BACKFILL_STARTED","ONLINE","BACKFILL","OK","pending_sd=1;pending_ram=0;wifi=connected;ts_code=-301;cause=THINGSPEAK_ONLINE_CODE_-301"
"2026-07-25","18:17:05",1785021425,"NTP",23,252967941,"INFO","SYNC","THINGSPEAK_RECOVERED","","","OK","mode=BACKFILL_BULK;code=200"
"2026-07-25","18:17:05",1785021425,"NTP",23,252968032,"INFO","SYNC","BACKFILL_BATCH_SENT","","","OK","count=2;bytes=377;duration_ms=15404;heap_before=138728;heap_after=138092;remaining=0;offset=0"
"2026-07-25","18:17:06",1785021426,"NTP",23,252968114,"INFO","SYSTEM","STATE_CHANGE","BACKFILL","ONLINE","OK","pending_sd=0;pending_ram=0;wifi=connected;ts_code=200;cause=THINGSPEAK_ONLINE_CODE_-301"
"2026-07-25","18:17:06",1785021426,"NTP",23,252968166,"INFO","SYNC","BACKFILL_COMPLETED","BACKFILL","ONLINE","OK","pending_sd=0;pending_ram=0;wifi=connected;ts_code=200;cause=THINGSPEAK_ONLINE_CODE_-301"
"2026-07-25","18:19:12",1785021552,"NTP",23,253094196,"WARNING","SYNC","THINGSPEAK_UNAVAILABLE","","","FAIL","mode=ONLINE;code=-304"
"2026-07-25","18:19:12",1785021552,"NTP",23,253094344,"WARNING","SYNC","BACKFILL_TRIGGER","ONLINE","BACKFILL","DEGRADED","cause=THINGSPEAK_FAILURE;code=-304;wifi_status=CONNECTED;wifi_code=3;rssi=-58;pending=1"
"2026-07-25","18:19:12",1785021552,"NTP",23,253094396,"INFO","SYSTEM","STATE_CHANGE","ONLINE","BACKFILL","OK","pending_sd=1;pending_ram=0;wifi=connected;ts_code=-304;cause=THINGSPEAK_ONLINE_CODE_-304"
"2026-07-25","18:19:12",1785021552,"NTP",23,253094448,"INFO","SYNC","BACKFILL_STARTED","ONLINE","BACKFILL","OK","pending_sd=1;pending_ram=0;wifi=connected;ts_code=-304;cause=THINGSPEAK_ONLINE_CODE_-304"
"2026-07-25","18:19:43",1785021583,"NTP",23,253125431,"INFO","SYNC","THINGSPEAK_RECOVERED","","","OK","mode=BACKFILL_BULK;code=200"
"2026-07-25","18:19:43",1785021583,"NTP",23,253125521,"INFO","SYNC","BACKFILL_BATCH_SENT","","","OK","count=2;bytes=378;duration_ms=7331;heap_before=138696;heap_after=138052;remaining=0;offset=0"
"2026-07-25","18:19:43",1785021583,"NTP",23,253125603,"INFO","SYSTEM","STATE_CHANGE","BACKFILL","ONLINE","OK","pending_sd=0;pending_ram=0;wifi=connected;ts_code=200;cause=THINGSPEAK_ONLINE_CODE_-304"
"2026-07-25","18:19:43",1785021583,"NTP",23,253125655,"INFO","SYNC","BACKFILL_COMPLETED","BACKFILL","ONLINE","OK","pending_sd=0;pending_ram=0;wifi=connected;ts_code=200;cause=THINGSPEAK_ONLINE_CODE_-304"
"2026-07-25","18:20:46",1785021646,"NTP",23,253188603,"WARNING","SYNC","THINGSPEAK_UNAVAILABLE","","","FAIL","mode=ONLINE;code=-301"
"2026-07-25","18:20:46",1785021646,"NTP",23,253188751,"WARNING","SYNC","BACKFILL_TRIGGER","ONLINE","BACKFILL","DEGRADED","cause=THINGSPEAK_FAILURE;code=-301;wifi_status=CONNECTED;wifi_code=3;rssi=-65;pending=1"
"2026-07-25","18:20:46",1785021646,"NTP",23,253188804,"INFO","SYSTEM","STATE_CHANGE","ONLINE","BACKFILL","OK","pending_sd=1;pending_ram=0;wifi=connected;ts_code=-301;cause=THINGSPEAK_ONLINE_CODE_-301"
"2026-07-25","18:20:46",1785021646,"NTP",23,253188856,"INFO","SYNC","BACKFILL_STARTED","ONLINE","BACKFILL","OK","pending_sd=1;pending_ram=0;wifi=connected;ts_code=-301;cause=THINGSPEAK_ONLINE_CODE_-301"
"2026-07-25","18:23:45",1785021825,"NTP",23,253367583,"WARNING","SYNC","BACKFILL_BATCH_FAILED","","","FAIL","code=-1;count=2;bytes=378;duration_ms=121992;heap_before=138988;heap_after=138196;pending=2;wifi_status=CONNECTED;wifi_code=3;rssi=-67"
"2026-07-25","18:24:54",1785021894,"NTP",23,253436936,"INFO","SYNC","THINGSPEAK_RECOVERED","","","OK","mode=BACKFILL_BULK;code=200"
"2026-07-25","18:24:54",1785021894,"NTP",23,253437028,"INFO","SYNC","BACKFILL_BATCH_SENT","","","OK","count=3;bytes=543;duration_ms=39284;heap_before=138320;heap_after=137436;remaining=0;offset=0"
"2026-07-25","18:24:55",1785021895,"NTP",23,253437109,"INFO","SYSTEM","STATE_CHANGE","BACKFILL","ONLINE","OK","pending_sd=0;pending_ram=0;wifi=connected;ts_code=200;cause=THINGSPEAK_BULK_CODE_-1"
"2026-07-25","18:24:55",1785021895,"NTP",23,253437161,"INFO","SYNC","BACKFILL_COMPLETED","BACKFILL","ONLINE","OK","pending_sd=0;pending_ram=0;wifi=connected;ts_code=200;cause=THINGSPEAK_BULK_CODE_-1"
"2026-07-25","18:26:01",1785021961,"NTP",23,253503191,"WARNING","SYNC","THINGSPEAK_UNAVAILABLE","","","FAIL","mode=ONLINE;code=-304"
"2026-07-25","18:26:01",1785021961,"NTP",23,253503337,"WARNING","SYNC","BACKFILL_TRIGGER","ONLINE","BACKFILL","DEGRADED","cause=THINGSPEAK_FAILURE;code=-304;wifi_status=CONNECTED;wifi_code=3;rssi=-68;pending=1"
"2026-07-25","18:26:01",1785021961,"NTP",23,253503390,"INFO","SYSTEM","STATE_CHANGE","ONLINE","BACKFILL","OK","pending_sd=1;pending_ram=0;wifi=connected;ts_code=-304;cause=THINGSPEAK_ONLINE_CODE_-304"
"2026-07-25","18:26:01",1785021961,"NTP",23,253503443,"INFO","SYNC","BACKFILL_STARTED","ONLINE","BACKFILL","OK","pending_sd=1;pending_ram=0;wifi=connected;ts_code=-304;cause=THINGSPEAK_ONLINE_CODE_-304"
"2026-07-25","18:26:33",1785021993,"NTP",23,253535298,"INFO","SYNC","THINGSPEAK_RECOVERED","","","OK","mode=BACKFILL_BULK;code=200"
"2026-07-25","18:26:33",1785021993,"NTP",23,253535390,"INFO","SYNC","BACKFILL_BATCH_SENT","","","OK","count=2;bytes=378;duration_ms=8202;heap_before=138548;heap_after=137908;remaining=0;offset=0"
"2026-07-25","18:26:33",1785021993,"NTP",23,253535472,"INFO","SYSTEM","STATE_CHANGE","BACKFILL","ONLINE","OK","pending_sd=0;pending_ram=0;wifi=connected;ts_code=200;cause=THINGSPEAK_ONLINE_CODE_-304"
"2026-07-25","18:26:33",1785021993,"NTP",23,253535524,"INFO","SYNC","BACKFILL_COMPLETED","BACKFILL","ONLINE","OK","pending_sd=0;pending_ram=0;wifi=connected;ts_code=200;cause=THINGSPEAK_ONLINE_CODE_-304"
"2026-07-25","18:27:36",1785022056,"NTP",23,253598472,"WARNING","SYNC","THINGSPEAK_UNAVAILABLE","","","FAIL","mode=ONLINE;code=-301"
"2026-07-25","18:27:36",1785022056,"NTP",23,253598619,"WARNING","SYNC","BACKFILL_TRIGGER","ONLINE","BACKFILL","DEGRADED","cause=THINGSPEAK_FAILURE;code=-301;wifi_status=CONNECTED;wifi_code=3;rssi=-68;pending=1"
"2026-07-25","18:27:36",1785022056,"NTP",23,253598672,"INFO","SYSTEM","STATE_CHANGE","ONLINE","BACKFILL","OK","pending_sd=1;pending_ram=0;wifi=connected;ts_code=-301;cause=THINGSPEAK_ONLINE_CODE_-301"
"2026-07-25","18:27:36",1785022056,"NTP",23,253598725,"INFO","SYNC","BACKFILL_STARTED","ONLINE","BACKFILL","OK","pending_sd=1;pending_ram=0;wifi=connected;ts_code=-301;cause=THINGSPEAK_ONLINE_CODE_-301"
"2026-07-25","18:29:11",1785022151,"NTP",23,253693324,"WARNING","SYNC","BACKFILL_BATCH_FAILED","","","FAIL","code=-1;count=2;bytes=377;duration_ms=67865;heap_before=138576;heap_after=132628;pending=2;wifi_status=CONNECTED;wifi_code=3;rssi=-67"
"2026-07-25","18:29:55",1785022195,"NTP",23,253737779,"INFO","SYNC","THINGSPEAK_RECOVERED","","","OK","mode=BACKFILL_BULK;code=200"
"2026-07-25","18:29:55",1785022195,"NTP",23,253737870,"INFO","SYNC","BACKFILL_BATCH_SENT","","","OK","count=3;bytes=541;duration_ms=14385;heap_before=138320;heap_after=137428;remaining=0;offset=0"
"2026-07-25","18:29:55",1785022195,"NTP",23,253737950,"INFO","SYSTEM","STATE_CHANGE","BACKFILL","ONLINE","OK","pending_sd=0;pending_ram=0;wifi=connected;ts_code=200;cause=THINGSPEAK_BULK_CODE_-1"
"2026-07-25","18:29:55",1785022195,"NTP",23,253738004,"INFO","SYNC","BACKFILL_COMPLETED","BACKFILL","ONLINE","OK","pending_sd=0;pending_ram=0;wifi=connected;ts_code=200;cause=THINGSPEAK_BULK_CODE_-1"
"2026-07-25","18:37:58",1785022678,"NTP",23,254220929,"WARNING","SYNC","THINGSPEAK_UNAVAILABLE","","","FAIL","mode=ONLINE;code=-301"
"2026-07-25","18:37:58",1785022678,"NTP",23,254221078,"WARNING","SYNC","BACKFILL_TRIGGER","ONLINE","BACKFILL","DEGRADED","cause=THINGSPEAK_FAILURE;code=-301;wifi_status=CONNECTED;wifi_code=3;rssi=-69;pending=1"
"2026-07-25","18:37:59",1785022679,"NTP",23,254221132,"INFO","SYSTEM","STATE_CHANGE","ONLINE","BACKFILL","OK","pending_sd=1;pending_ram=0;wifi=connected;ts_code=-301;cause=THINGSPEAK_ONLINE_CODE_-301"
"2026-07-25","18:37:59",1785022679,"NTP",23,254221184,"INFO","SYNC","BACKFILL_STARTED","ONLINE","BACKFILL","OK","pending_sd=1;pending_ram=0;wifi=connected;ts_code=-301;cause=THINGSPEAK_ONLINE_CODE_-301"
"2026-07-25","18:38:26",1785022706,"NTP",23,254248952,"INFO","SYNC","THINGSPEAK_RECOVERED","","","OK","mode=BACKFILL_BULK;code=200"
"2026-07-25","18:38:26",1785022706,"NTP",23,254249045,"INFO","SYNC","BACKFILL_BATCH_SENT","","","OK","count=2;bytes=378;duration_ms=1011;heap_before=138320;heap_after=137444;remaining=0;offset=0"
"2026-07-25","18:38:27",1785022707,"NTP",23,254249125,"INFO","SYSTEM","STATE_CHANGE","BACKFILL","ONLINE","OK","pending_sd=0;pending_ram=0;wifi=connected;ts_code=200;cause=THINGSPEAK_ONLINE_CODE_-301"
"2026-07-25","18:38:27",1785022707,"NTP",23,254249177,"INFO","SYNC","BACKFILL_COMPLETED","BACKFILL","ONLINE","OK","pending_sd=0;pending_ram=0;wifi=connected;ts_code=200;cause=THINGSPEAK_ONLINE_CODE_-301"
"2026-07-25","19:00:58",1785024058,"NTP",23,255600488,"INFO","SYSTEM","HEALTH_SNAPSHOT","","","OK","firmware=12.3-SYNC-RC1;heap=141552;sd_ok=1;sd_free=3996246545;wifi=1;rssi=-70;state=ONLINE;pending_sd=0;pending_ram=0;backfill_dropped=0;backfill_cause=THINGSPEAK_ONLINE_CODE_-301;bulk_size=30;bulk_duration_ms=1011;wifi_losses=3;ts_failures=35;log_buffer=0;log_dropped=0"
"2026-07-25","20:00:58",1785027658,"NTP",23,259200487,"INFO","SYSTEM","HEALTH_SNAPSHOT","","","OK","firmware=12.3-SYNC-RC1;heap=141920;sd_ok=1;sd_free=3996240734;wifi=1;rssi=-69;state=ONLINE;pending_sd=0;pending_ram=0;backfill_dropped=0;backfill_cause=THINGSPEAK_ONLINE_CODE_-301;bulk_size=30;bulk_duration_ms=1011;wifi_losses=3;ts_failures=35;log_buffer=0;log_dropped=0"
"2026-07-25","21:00:58",1785031258,"NTP",23,262800491,"INFO","SYSTEM","HEALTH_SNAPSHOT","","","OK","firmware=12.3-SYNC-RC1;heap=141920;sd_ok=1;sd_free=3996234916;wifi=1;rssi=-68;state=ONLINE;pending_sd=0;pending_ram=0;backfill_dropped=0;backfill_cause=THINGSPEAK_ONLINE_CODE_-301;bulk_size=30;bulk_duration_ms=1011;wifi_losses=3;ts_failures=35;log_buffer=0;log_dropped=0"
"2026-07-25","22:00:58",1785034858,"NTP",23,266400488,"INFO","SYSTEM","HEALTH_SNAPSHOT","","","OK","firmware=12.3-SYNC-RC1;heap=141920;sd_ok=1;sd_free=3996229109;wifi=1;rssi=-70;state=ONLINE;pending_sd=0;pending_ram=0;backfill_dropped=0;backfill_cause=THINGSPEAK_ONLINE_CODE_-301;bulk_size=30;bulk_duration_ms=1011;wifi_losses=3;ts_failures=35;log_buffer=0;log_dropped=0"
"2026-07-25","22:37:31",1785037051,"NTP",23,268593627,"WARNING","SYNC","THINGSPEAK_UNAVAILABLE","","","FAIL","mode=ONLINE;code=-301"
"2026-07-25","22:37:32",1785037052,"NTP",23,268593774,"WARNING","SYNC","BACKFILL_TRIGGER","ONLINE","BACKFILL","DEGRADED","cause=THINGSPEAK_FAILURE;code=-301;wifi_status=CONNECTED;wifi_code=3;rssi=-69;pending=1"
"2026-07-25","22:37:32",1785037052,"NTP",23,268593827,"INFO","SYSTEM","STATE_CHANGE","ONLINE","BACKFILL","OK","pending_sd=1;pending_ram=0;wifi=connected;ts_code=-301;cause=THINGSPEAK_ONLINE_CODE_-301"
"2026-07-25","22:37:32",1785037052,"NTP",23,268593880,"INFO","SYNC","BACKFILL_STARTED","ONLINE","BACKFILL","OK","pending_sd=1;pending_ram=0;wifi=connected;ts_code=-301;cause=THINGSPEAK_ONLINE_CODE_-301"
"2026-07-25","22:38:37",1785037117,"NTP",23,268659236,"WARNING","SYNC","BACKFILL_BATCH_FAILED","","","FAIL","code=-1;count=2;bytes=378;duration_ms=10005;heap_before=139100;heap_after=139216;pending=2;wifi_status=CONNECTED;wifi_code=3;rssi=-69"
"2026-07-25","22:39:47",1785037187,"NTP",23,268729414,"WARNING","SYNC","BACKFILL_BATCH_FAILED","","","FAIL","code=-1;count=3;bytes=543;duration_ms=10106;heap_before=139168;heap_after=138924;pending=3;wifi_status=CONNECTED;wifi_code=3;rssi=-70"
"2026-07-25","22:40:27",1785037227,"NTP",23,268769542,"WARNING","SYNC","BACKFILL_BATCH_FAILED","","","FAIL","code=-1;count=4;bytes=708;duration_ms=10057;heap_before=138944;heap_after=138688;pending=4;wifi_status=CONNECTED;wifi_code=3;rssi=-71"
"2026-07-25","22:42:36",1785037356,"NTP",23,268898208,"WARNING","SYNC","BACKFILL_BATCH_FAILED","","","FAIL","code=-1;count=5;bytes=872;duration_ms=68593;heap_before=138688;heap_after=136012;pending=5;wifi_status=CONNECTED;wifi_code=3;rssi=-74"
"2026-07-25","22:43:20",1785037400,"NTP",23,268942120,"INFO","SYNC","THINGSPEAK_RECOVERED","","","OK","mode=BACKFILL_BULK;code=200"
"2026-07-25","22:43:20",1785037400,"NTP",23,268942211,"INFO","SYNC","BACKFILL_BATCH_SENT","","","OK","count=6;bytes=1037;duration_ms=13837;heap_before=138496;heap_after=137776;remaining=0;offset=0"
"2026-07-25","22:43:20",1785037400,"NTP",23,268942293,"INFO","SYSTEM","STATE_CHANGE","BACKFILL","ONLINE","OK","pending_sd=0;pending_ram=0;wifi=connected;ts_code=200;cause=THINGSPEAK_BULK_CODE_-1"
"2026-07-25","22:43:20",1785037400,"NTP",23,268942345,"INFO","SYNC","BACKFILL_COMPLETED","BACKFILL","ONLINE","OK","pending_sd=0;pending_ram=0;wifi=connected;ts_code=200;cause=THINGSPEAK_BULK_CODE_-1"
"2026-07-25","22:46:23",1785037583,"NTP",23,269125269,"WARNING","SYNC","THINGSPEAK_UNAVAILABLE","","","FAIL","mode=ONLINE;code=-301"
"2026-07-25","22:46:23",1785037583,"NTP",23,269125439,"WARNING","SYNC","BACKFILL_TRIGGER","ONLINE","BACKFILL","DEGRADED","cause=THINGSPEAK_FAILURE;code=-301;wifi_status=CONNECTED;wifi_code=3;rssi=-69;pending=1"
"2026-07-25","22:46:23",1785037583,"NTP",23,269125493,"INFO","SYSTEM","STATE_CHANGE","ONLINE","BACKFILL","OK","pending_sd=1;pending_ram=0;wifi=connected;ts_code=-301;cause=THINGSPEAK_ONLINE_CODE_-301"
"2026-07-25","22:46:23",1785037583,"NTP",23,269125546,"INFO","SYNC","BACKFILL_STARTED","ONLINE","BACKFILL","OK","pending_sd=1;pending_ram=0;wifi=connected;ts_code=-301;cause=THINGSPEAK_ONLINE_CODE_-301"
"2026-07-25","22:46:51",1785037611,"NTP",23,269153467,"INFO","SYNC","THINGSPEAK_RECOVERED","","","OK","mode=BACKFILL_BULK;code=200"
"2026-07-25","22:46:51",1785037611,"NTP",23,269153558,"INFO","SYNC","BACKFILL_BATCH_SENT","","","OK","count=2;bytes=378;duration_ms=1187;heap_before=139128;heap_after=138240;remaining=0;offset=0"
"2026-07-25","22:46:51",1785037611,"NTP",23,269153640,"INFO","SYSTEM","STATE_CHANGE","BACKFILL","ONLINE","OK","pending_sd=0;pending_ram=0;wifi=connected;ts_code=200;cause=THINGSPEAK_ONLINE_CODE_-301"
"2026-07-25","22:46:52",1785037612,"NTP",23,269153692,"INFO","SYNC","BACKFILL_COMPLETED","BACKFILL","ONLINE","OK","pending_sd=0;pending_ram=0;wifi=connected;ts_code=200;cause=THINGSPEAK_ONLINE_CODE_-301"
"2026-07-25","23:00:58",1785038458,"NTP",23,270000488,"INFO","SYSTEM","HEALTH_SNAPSHOT","","","OK","firmware=12.3-SYNC-RC1;heap=141948;sd_ok=1;sd_free=3996219253;wifi=1;rssi=-72;state=ONLINE;pending_sd=0;pending_ram=0;backfill_dropped=0;backfill_cause=THINGSPEAK_ONLINE_CODE_-301;bulk_size=30;bulk_duration_ms=1187;wifi_losses=3;ts_failures=41;log_buffer=0;log_dropped=0"
"2026-07-25","23:31:58",1785040318,"NTP",23,271859762,"WARNING","SYNC","THINGSPEAK_UNAVAILABLE","","","FAIL","mode=ONLINE;code=-304"
"2026-07-25","23:31:58",1785040318,"NTP",23,271859908,"WARNING","SYNC","BACKFILL_TRIGGER","ONLINE","BACKFILL","DEGRADED","cause=THINGSPEAK_FAILURE;code=-304;wifi_status=CONNECTED;wifi_code=3;rssi=-71;pending=1"
"2026-07-25","23:31:58",1785040318,"NTP",23,271859962,"INFO","SYSTEM","STATE_CHANGE","ONLINE","BACKFILL","OK","pending_sd=1;pending_ram=0;wifi=connected;ts_code=-304;cause=THINGSPEAK_ONLINE_CODE_-304"
"2026-07-25","23:31:58",1785040318,"NTP",23,271860016,"INFO","SYNC","BACKFILL_STARTED","ONLINE","BACKFILL","OK","pending_sd=1;pending_ram=0;wifi=connected;ts_code=-304;cause=THINGSPEAK_ONLINE_CODE_-304"
"2026-07-25","23:35:01",1785040501,"NTP",23,272043312,"WARNING","SYNC","BACKFILL_BATCH_FAILED","","","FAIL","code=-1;count=2;bytes=377;duration_ms=129667;heap_before=138840;heap_after=138604;pending=2;wifi_status=CONNECTED;wifi_code=3;rssi=-71"
"2026-07-25","23:35:39",1785040539,"NTP",23,272080851,"INFO","SYNC","THINGSPEAK_RECOVERED","","","OK","mode=BACKFILL_BULK;code=200"
"2026-07-25","23:35:39",1785040539,"NTP",23,272080943,"INFO","SYNC","BACKFILL_BATCH_SENT","","","OK","count=3;bytes=542;duration_ms=7470;heap_before=138724;heap_after=137832;remaining=0;offset=0"
"2026-07-25","23:35:39",1785040539,"NTP",23,272081025,"INFO","SYSTEM","STATE_CHANGE","BACKFILL","ONLINE","OK","pending_sd=0;pending_ram=0;wifi=connected;ts_code=200;cause=THINGSPEAK_BULK_CODE_-1"
"2026-07-25","23:35:39",1785040539,"NTP",23,272081077,"INFO","SYNC","BACKFILL_COMPLETED","BACKFILL","ONLINE","OK","pending_sd=0;pending_ram=0;wifi=connected;ts_code=200;cause=THINGSPEAK_BULK_CODE_-1"
"2026-07-25","23:37:47",1785040667,"NTP",23,272208749,"WARNING","SYNC","THINGSPEAK_UNAVAILABLE","","","FAIL","mode=ONLINE;code=-304"
"2026-07-25","23:37:47",1785040667,"NTP",23,272208895,"WARNING","SYNC","BACKFILL_TRIGGER","ONLINE","BACKFILL","DEGRADED","cause=THINGSPEAK_FAILURE;code=-304;wifi_status=CONNECTED;wifi_code=3;rssi=-70;pending=1"
"2026-07-25","23:37:47",1785040667,"NTP",23,272208948,"INFO","SYSTEM","STATE_CHANGE","ONLINE","BACKFILL","OK","pending_sd=1;pending_ram=0;wifi=connected;ts_code=-304;cause=THINGSPEAK_ONLINE_CODE_-304"
"2026-07-25","23:37:47",1785040667,"NTP",23,272209001,"INFO","SYNC","BACKFILL_STARTED","ONLINE","BACKFILL","OK","pending_sd=1;pending_ram=0;wifi=connected;ts_code=-304;cause=THINGSPEAK_ONLINE_CODE_-304"
"2026-07-25","23:38:15",1785040695,"NTP",23,272237359,"INFO","SYNC","THINGSPEAK_RECOVERED","","","OK","mode=BACKFILL_BULK;code=200"
"2026-07-25","23:38:15",1785040695,"NTP",23,272237470,"INFO","SYNC","BACKFILL_BATCH_SENT","","","OK","count=2;bytes=377;duration_ms=6347;heap_before=138428;heap_after=137584;remaining=0;offset=0"
"2026-07-25","23:38:15",1785040695,"NTP",23,272237553,"INFO","SYSTEM","STATE_CHANGE","BACKFILL","ONLINE","OK","pending_sd=0;pending_ram=0;wifi=connected;ts_code=200;cause=THINGSPEAK_ONLINE_CODE_-304"
"2026-07-25","23:38:15",1785040695,"NTP",23,272237605,"INFO","SYNC","BACKFILL_COMPLETED","BACKFILL","ONLINE","OK","pending_sd=0;pending_ram=0;wifi=connected;ts_code=200;cause=THINGSPEAK_ONLINE_CODE_-304"
"2026-07-25","23:39:18",1785040758,"NTP",23,272300550,"WARNING","SYNC","THINGSPEAK_UNAVAILABLE","","","FAIL","mode=ONLINE;code=-301"
"2026-07-25","23:39:19",1785040759,"NTP",23,272300698,"WARNING","SYNC","BACKFILL_TRIGGER","ONLINE","BACKFILL","DEGRADED","cause=THINGSPEAK_FAILURE;code=-301;wifi_status=CONNECTED;wifi_code=3;rssi=-71;pending=1"
"2026-07-25","23:39:19",1785040759,"NTP",23,272300751,"INFO","SYSTEM","STATE_CHANGE","ONLINE","BACKFILL","OK","pending_sd=1;pending_ram=0;wifi=connected;ts_code=-301;cause=THINGSPEAK_ONLINE_CODE_-301"
"2026-07-25","23:39:19",1785040759,"NTP",23,272300804,"INFO","SYNC","BACKFILL_STARTED","ONLINE","BACKFILL","OK","pending_sd=1;pending_ram=0;wifi=connected;ts_code=-301;cause=THINGSPEAK_ONLINE_CODE_-301"
"2026-07-25","23:40:25",1785040825,"NTP",23,272367573,"WARNING","SYNC","BACKFILL_BATCH_FAILED","","","FAIL","code=-1;count=2;bytes=376;duration_ms=10032;heap_before=138980;heap_after=138760;pending=2;wifi_status=CONNECTED;wifi_code=3;rssi=-71"
"2026-07-25","23:41:48",1785040908,"NTP",23,272449694,"INFO","SYNC","THINGSPEAK_RECOVERED","","","OK","mode=BACKFILL_BULK;code=200"
"2026-07-25","23:41:48",1785040908,"NTP",23,272449786,"INFO","SYNC","BACKFILL_BATCH_SENT","","","OK","count=3;bytes=541;duration_ms=22050;heap_before=138728;heap_after=137820;remaining=0;offset=0"
"2026-07-25","23:41:48",1785040908,"NTP",23,272449867,"INFO","SYSTEM","STATE_CHANGE","BACKFILL","ONLINE","OK","pending_sd=0;pending_ram=0;wifi=connected;ts_code=200;cause=THINGSPEAK_BULK_CODE_-1"
"2026-07-25","23:41:48",1785040908,"NTP",23,272449919,"INFO","SYNC","BACKFILL_COMPLETED","BACKFILL","ONLINE","OK","pending_sd=0;pending_ram=0;wifi=connected;ts_code=200;cause=THINGSPEAK_BULK_CODE_-1"
"2026-07-25","23:42:55",1785040975,"NTP",23,272517161,"WARNING","SYNC","THINGSPEAK_UNAVAILABLE","","","FAIL","mode=ONLINE;code=-304"
"2026-07-25","23:42:55",1785040975,"NTP",23,272517308,"WARNING","SYNC","BACKFILL_TRIGGER","ONLINE","BACKFILL","DEGRADED","cause=THINGSPEAK_FAILURE;code=-304;wifi_status=CONNECTED;wifi_code=3;rssi=-71;pending=1"
"2026-07-25","23:42:55",1785040975,"NTP",23,272517362,"INFO","SYSTEM","STATE_CHANGE","ONLINE","BACKFILL","OK","pending_sd=1;pending_ram=0;wifi=connected;ts_code=-304;cause=THINGSPEAK_ONLINE_CODE_-304"
"2026-07-25","23:42:55",1785040975,"NTP",23,272517414,"INFO","SYNC","BACKFILL_STARTED","ONLINE","BACKFILL","OK","pending_sd=1;pending_ram=0;wifi=connected;ts_code=-304;cause=THINGSPEAK_ONLINE_CODE_-304"
"2026-07-25","23:45:19",1785041119,"NTP",23,272661430,"WARNING","SYNC","BACKFILL_BATCH_FAILED","","","FAIL","code=-1;count=2;bytes=378;duration_ms=121577;heap_before=138944;heap_after=138200;pending=2;wifi_status=CONNECTED;wifi_code=3;rssi=-70"
"2026-07-25","23:47:52",1785041272,"NTP",23,272814609,"WARNING","SYNC","BACKFILL_BATCH_FAILED","","","FAIL","code=-1;count=3;bytes=543;duration_ms=123107;heap_before=138324;heap_after=137532;pending=3;wifi_status=CONNECTED;wifi_code=3;rssi=-70"
"2026-07-25","23:48:39",1785041319,"NTP",23,272861532,"INFO","SYNC","THINGSPEAK_RECOVERED","","","OK","mode=BACKFILL_BULK;code=200"
"2026-07-25","23:48:39",1785041319,"NTP",23,272861624,"INFO","SYNC","BACKFILL_BATCH_SENT","","","OK","count=4;bytes=708;duration_ms=16852;heap_before=137680;heap_after=136796;remaining=0;offset=0"
"2026-07-25","23:48:40",1785041320,"NTP",23,272861704,"INFO","SYSTEM","STATE_CHANGE","BACKFILL","ONLINE","OK","pending_sd=0;pending_ram=0;wifi=connected;ts_code=200;cause=THINGSPEAK_BULK_CODE_-1"
"2026-07-25","23:48:40",1785041320,"NTP",23,272861756,"INFO","SYNC","BACKFILL_COMPLETED","BACKFILL","ONLINE","OK","pending_sd=0;pending_ram=0;wifi=connected;ts_code=200;cause=THINGSPEAK_BULK_CODE_-1"
"2026-07-25","23:49:45",1785041385,"NTP",23,272927083,"WARNING","SYNC","THINGSPEAK_UNAVAILABLE","","","FAIL","mode=ONLINE;code=-304"
"2026-07-25","23:49:45",1785041385,"NTP",23,272927229,"WARNING","SYNC","BACKFILL_TRIGGER","ONLINE","BACKFILL","DEGRADED","cause=THINGSPEAK_FAILURE;code=-304;wifi_status=CONNECTED;wifi_code=3;rssi=-70;pending=1"
"2026-07-25","23:49:45",1785041385,"NTP",23,272927282,"INFO","SYSTEM","STATE_CHANGE","ONLINE","BACKFILL","OK","pending_sd=1;pending_ram=0;wifi=connected;ts_code=-304;cause=THINGSPEAK_ONLINE_CODE_-304"
"2026-07-25","23:49:45",1785041385,"NTP",23,272927335,"INFO","SYNC","BACKFILL_STARTED","ONLINE","BACKFILL","OK","pending_sd=1;pending_ram=0;wifi=connected;ts_code=-304;cause=THINGSPEAK_ONLINE_CODE_-304"
"2026-07-25","23:50:17",1785041417,"NTP",23,272959533,"INFO","SYNC","THINGSPEAK_RECOVERED","","","OK","mode=BACKFILL_BULK;code=200"
"2026-07-25","23:50:17",1785041417,"NTP",23,272959624,"INFO","SYNC","BACKFILL_BATCH_SENT","","","OK","count=2;bytes=378;duration_ms=7842;heap_before=138160;heap_after=137268;remaining=0;offset=0"
"2026-07-25","23:50:18",1785041418,"NTP",23,272959706,"INFO","SYSTEM","STATE_CHANGE","BACKFILL","ONLINE","OK","pending_sd=0;pending_ram=0;wifi=connected;ts_code=200;cause=THINGSPEAK_ONLINE_CODE_-304"
"2026-07-25","23:50:18",1785041418,"NTP",23,272959758,"INFO","SYNC","BACKFILL_COMPLETED","BACKFILL","ONLINE","OK","pending_sd=0;pending_ram=0;wifi=connected;ts_code=200;cause=THINGSPEAK_ONLINE_CODE_-304"
"2026-07-25","23:51:21",1785041481,"NTP",23,273022702,"WARNING","SYNC","THINGSPEAK_UNAVAILABLE","","","FAIL","mode=ONLINE;code=-301"
"2026-07-25","23:51:21",1785041481,"NTP",23,273022851,"WARNING","SYNC","BACKFILL_TRIGGER","ONLINE","BACKFILL","DEGRADED","cause=THINGSPEAK_FAILURE;code=-301;wifi_status=CONNECTED;wifi_code=3;rssi=-70;pending=1"
"2026-07-25","23:51:21",1785041481,"NTP",23,273022903,"INFO","SYSTEM","STATE_CHANGE","ONLINE","BACKFILL","OK","pending_sd=1;pending_ram=0;wifi=connected;ts_code=-301;cause=THINGSPEAK_ONLINE_CODE_-301"
"2026-07-25","23:51:21",1785041481,"NTP",23,273022957,"INFO","SYNC","BACKFILL_STARTED","ONLINE","BACKFILL","OK","pending_sd=1;pending_ram=0;wifi=connected;ts_code=-301;cause=THINGSPEAK_ONLINE_CODE_-301"
"2026-07-25","23:52:19",1785041539,"NTP",23,273080775,"INFO","SYNC","THINGSPEAK_RECOVERED","","","OK","mode=BACKFILL_BULK;code=200"
"2026-07-25","23:52:19",1785041539,"NTP",23,273080900,"INFO","SYNC","BACKFILL_BATCH_SENT","","","OK","count=2;bytes=376;duration_ms=1082;heap_before=138164;heap_after=137576;remaining=0;offset=0"
"2026-07-25","23:52:19",1785041539,"NTP",23,273080982,"INFO","SYSTEM","STATE_CHANGE","BACKFILL","ONLINE","OK","pending_sd=0;pending_ram=0;wifi=connected;ts_code=200;cause=THINGSPEAK_ONLINE_CODE_-301"
"2026-07-25","23:52:19",1785041539,"NTP",23,273081034,"INFO","SYNC","BACKFILL_COMPLETED","BACKFILL","ONLINE","OK","pending_sd=0;pending_ram=0;wifi=connected;ts_code=200;cause=THINGSPEAK_ONLINE_CODE_-301"
"2026-07-25","23:56:36",1785041796,"NTP",23,273337958,"WARNING","SYNC","THINGSPEAK_UNAVAILABLE","","","FAIL","mode=ONLINE;code=-301"
"2026-07-25","23:56:36",1785041796,"NTP",23,273338105,"WARNING","SYNC","BACKFILL_TRIGGER","ONLINE","BACKFILL","DEGRADED","cause=THINGSPEAK_FAILURE;code=-301;wifi_status=CONNECTED;wifi_code=3;rssi=-70;pending=1"
"2026-07-25","23:56:36",1785041796,"NTP",23,273338157,"INFO","SYSTEM","STATE_CHANGE","ONLINE","BACKFILL","OK","pending_sd=1;pending_ram=0;wifi=connected;ts_code=-301;cause=THINGSPEAK_ONLINE_CODE_-301"
"2026-07-25","23:56:36",1785041796,"NTP",23,273338211,"INFO","SYNC","BACKFILL_STARTED","ONLINE","BACKFILL","OK","pending_sd=1;pending_ram=0;wifi=connected;ts_code=-301;cause=THINGSPEAK_ONLINE_CODE_-301"
"2026-07-25","23:57:20",1785041840,"NTP",23,273381834,"INFO","SYNC","THINGSPEAK_RECOVERED","","","OK","mode=BACKFILL_BULK;code=200"
"2026-07-25","23:57:20",1785041840,"NTP",23,273381925,"INFO","SYNC","BACKFILL_BATCH_SENT","","","OK","count=2;bytes=377;duration_ms=864;heap_before=138004;heap_after=137356;remaining=0;offset=0"
"2026-07-25","23:57:20",1785041840,"NTP",23,273382007,"INFO","SYSTEM","STATE_CHANGE","BACKFILL","ONLINE","OK","pending_sd=0;pending_ram=0;wifi=connected;ts_code=200;cause=THINGSPEAK_ONLINE_CODE_-301"
"2026-07-25","23:57:20",1785041840,"NTP",23,273382059,"INFO","SYNC","BACKFILL_COMPLETED","BACKFILL","ONLINE","OK","pending_sd=0;pending_ram=0;wifi=connected;ts_code=200;cause=THINGSPEAK_ONLINE_CODE_-301"
